{
    "name": "The Royal We",
    "plugin": "plugin.video.theroyalwe",
	"movies": [
        [
            {
                "link": "plugin://plugin.video.theroyalwe/?mode=movie_search",
				"steps": [
					"keyboard:{title}",
					"{title}"
				],
				"action": "ACTIVATE"
            }
        ]
	],
    "tvshows": [
        [
            {
                "link": "plugin://plugin.video.theroyalwe/?mode=tv_search",
				"steps": [
					"keyboard: {clearname}",	
                    ".*{clearname}.*",
					"Season {season}",
					"{episode}$$.*"
                ],
				"action": "ACTIVATE"
            }
        ]
    ]
}