{
    "name": "Netflix",
    "plugin": "plugin.video.flix2kodi",
    "priority": 500,
    "movies": [
        [
            {
                "link": "plugin://plugin.video.flix2kodi/?mode=search&thumb&type=movie&url",
                "steps": [
                    "keyboard: {title}",
                    "{title}.*"
                ]
            }
        ]
    ],
    "tvshows": [
        [
            {
                "link": "plugin://plugin.video.flix2kodi/?mode=search&thumb&type=show&url",
                "steps": [
                    "keyboard: {clearname}",
                    ".*{clearname}.*",
                    ".*Season {season}",
                    "{episode}"
                ]
            }
        ]
    ]
}
