{
    "name": "1Channel (direct)",
    "plugin": "plugin.video.1channel",
	"movies": [
        [
            {
                "link": "plugin://plugin.video.1channel/?section=movie&mode=Search&query={title}",
				"steps": [
					".*{title}.*{year}.*",
					".*"
				],
				"action": "PLAY"
            }
        ]
	],
    "tvshows": [
        [
            {
                "link": "plugin://plugin.video.1channel/?section=tv&mode=Search&query={clearname}",
				"steps": [
					".*{clearname}.*{year}.*",
					".*Season {season}.*",
					".*x{episode}$$.*",
					".*"
                ],
				"action": "PLAY"
            }
        ]
    ]
}